,Station_id, Avg June Temp,Date
0,USC00519397,78.0,2010-06-01
1,USC00519397,76.0,2010-06-02
2,USC00519397,78.0,2010-06-03
3,USC00519397,76.0,2010-06-04
4,USC00519397,77.0,2010-06-05
5,USC00519397,78.0,2010-06-06
6,USC00519397,77.0,2010-06-07
7,USC00519397,78.0,2010-06-08
8,USC00519397,78.0,2010-06-09
9,USC00519397,79.0,2010-06-10
10,USC00519397,78.0,2010-06-11
11,USC00519397,78.0,2010-06-12
12,USC00519397,78.0,2010-06-13
13,USC00519397,77.0,2010-06-14
14,USC00519397,78.0,2010-06-15
15,USC00519397,78.0,2010-06-16
16,USC00519397,77.0,2010-06-17
17,USC00519397,77.0,2010-06-18
18,USC00519397,82.0,2010-06-19
19,USC00519397,78.0,2010-06-20
20,USC00519397,78.0,2010-06-21
21,USC00519397,78.0,2010-06-22
22,USC00519397,78.0,2010-06-23
23,USC00519397,78.0,2010-06-24
24,USC00519397,77.0,2010-06-25
25,USC00519397,76.0,2010-06-26
26,USC00519397,78.0,2010-06-27
27,USC00519397,78.0,2010-06-28
28,USC00519397,78.0,2010-06-29
29,USC00519397,78.0,2010-06-30
30,USC00519397,77.0,2011-06-01
31,USC00519397,78.0,2011-06-02
32,USC00519397,73.0,2011-06-03
33,USC00519397,70.0,2011-06-04
34,USC00519397,76.0,2011-06-05
35,USC00519397,77.0,2011-06-06
36,USC00519397,77.0,2011-06-07
37,USC00519397,77.0,2011-06-08
38,USC00519397,77.0,2011-06-09
39,USC00519397,78.0,2011-06-10
40,USC00519397,77.0,2011-06-11
41,USC00519397,77.0,2011-06-12
42,USC00519397,78.0,2011-06-13
43,USC00519397,78.0,2011-06-14
44,USC00519397,77.0,2011-06-15
45,USC00519397,78.0,2011-06-17
46,USC00519397,78.0,2011-06-18
47,USC00519397,75.0,2011-06-19
48,USC00519397,76.0,2011-06-20
49,USC00519397,76.0,2011-06-21
50,USC00519397,77.0,2011-06-24
51,USC00519397,78.0,2011-06-25
52,USC00519397,76.0,2011-06-26
53,USC00519397,77.0,2011-06-27
54,USC00519397,75.0,2011-06-28
55,USC00519397,77.0,2011-06-29
56,USC00519397,76.0,2012-06-01
57,USC00519397,76.0,2012-06-02
58,USC00519397,75.0,2012-06-03
59,USC00519397,77.0,2012-06-04
60,USC00519397,77.0,2012-06-05
61,USC00519397,76.0,2012-06-06
62,USC00519397,78.0,2012-06-07
63,USC00519397,77.0,2012-06-08
64,USC00519397,76.0,2012-06-09
65,USC00519397,77.0,2012-06-10
66,USC00519397,76.0,2012-06-11
67,USC00519397,76.0,2012-06-12
68,USC00519397,77.0,2012-06-13
69,USC00519397,77.0,2012-06-14
70,USC00519397,78.0,2012-06-15
71,USC00519397,77.0,2012-06-16
72,USC00519397,77.0,2012-06-17
73,USC00519397,77.0,2012-06-18
74,USC00519397,76.0,2012-06-19
75,USC00519397,75.0,2012-06-20
76,USC00519397,76.0,2012-06-21
77,USC00519397,76.0,2012-06-22
78,USC00519397,77.0,2012-06-23
79,USC00519397,76.0,2012-06-24
80,USC00519397,73.0,2012-06-25
81,USC00519397,73.0,2012-06-26
82,USC00519397,75.0,2012-06-27
83,USC00519397,77.0,2012-06-28
84,USC00519397,76.0,2012-06-29
85,USC00519397,77.0,2012-06-30
86,USC00519397,79.0,2013-06-01
87,USC00519397,78.0,2013-06-02
88,USC00519397,79.0,2013-06-03
89,USC00519397,78.0,2013-06-04
90,USC00519397,78.0,2013-06-05
91,USC00519397,79.0,2013-06-06
92,USC00519397,77.0,2013-06-07
93,USC00519397,77.0,2013-06-08
94,USC00519397,77.0,2013-06-09
95,USC00519397,77.0,2013-06-10
96,USC00519397,77.0,2013-06-11
97,USC00519397,78.0,2013-06-12
98,USC00519397,77.0,2013-06-13
99,USC00519397,76.0,2013-06-14
100,USC00519397,78.0,2013-06-15
101,USC00519397,78.0,2013-06-16
102,USC00519397,77.0,2013-06-17
103,USC00519397,78.0,2013-06-18
104,USC00519397,78.0,2013-06-19
105,USC00519397,73.0,2013-06-20
106,USC00519397,76.0,2013-06-21
107,USC00519397,77.0,2013-06-22
108,USC00519397,75.0,2013-06-23
109,USC00519397,76.0,2013-06-24
110,USC00519397,74.0,2013-06-25
111,USC00519397,75.0,2013-06-26
112,USC00519397,77.0,2013-06-27
113,USC00519397,76.0,2013-06-28
114,USC00519397,77.0,2013-06-29
115,USC00519397,78.0,2013-06-30
116,USC00519397,79.0,2014-06-01
117,USC00519397,77.0,2014-06-02
118,USC00519397,78.0,2014-06-03
119,USC00519397,79.0,2014-06-04
120,USC00519397,78.0,2014-06-05
121,USC00519397,78.0,2014-06-06
122,USC00519397,78.0,2014-06-07
123,USC00519397,78.0,2014-06-08
124,USC00519397,79.0,2014-06-09
125,USC00519397,79.0,2014-06-10
126,USC00519397,82.0,2014-06-11
127,USC00519397,80.0,2014-06-12
128,USC00519397,79.0,2014-06-13
129,USC00519397,79.0,2014-06-14
130,USC00519397,78.0,2014-06-15
131,USC00519397,78.0,2014-06-16
132,USC00519397,77.0,2014-06-17
133,USC00519397,78.0,2014-06-18
134,USC00519397,78.0,2014-06-19
135,USC00519397,73.0,2014-06-20
136,USC00519397,75.0,2014-06-21
137,USC00519397,75.0,2014-06-22
138,USC00519397,76.0,2014-06-23
139,USC00519397,84.0,2014-06-24
140,USC00519397,79.0,2014-06-25
141,USC00519397,76.0,2014-06-26
142,USC00519397,79.0,2014-06-27
143,USC00519397,79.0,2014-06-28
144,USC00519397,77.0,2014-06-29
145,USC00519397,79.0,2014-06-30
146,USC00519397,78.0,2015-06-01
147,USC00519397,78.0,2015-06-02
148,USC00519397,79.0,2015-06-03
149,USC00519397,77.0,2015-06-04
150,USC00519397,79.0,2015-06-05
151,USC00519397,78.0,2015-06-06
152,USC00519397,78.0,2015-06-07
153,USC00519397,78.0,2015-06-08
154,USC00519397,79.0,2015-06-09
155,USC00519397,77.0,2015-06-10
156,USC00519397,78.0,2015-06-11
157,USC00519397,78.0,2015-06-12
158,USC00519397,78.0,2015-06-13
159,USC00519397,78.0,2015-06-14
160,USC00519397,79.0,2015-06-15
161,USC00519397,79.0,2015-06-16
162,USC00519397,77.0,2015-06-17
163,USC00519397,78.0,2015-06-18
164,USC00519397,78.0,2015-06-19
165,USC00519397,78.0,2015-06-20
166,USC00519397,79.0,2015-06-21
167,USC00519397,79.0,2015-06-22
168,USC00519397,77.0,2015-06-23
169,USC00519397,79.0,2015-06-24
170,USC00519397,79.0,2015-06-25
171,USC00519397,79.0,2015-06-26
172,USC00519397,81.0,2015-06-27
173,USC00519397,76.0,2015-06-28
174,USC00519397,80.0,2015-06-29
175,USC00519397,78.0,2015-06-30
176,USC00519397,76.0,2016-06-01
177,USC00519397,71.0,2016-06-02
178,USC00519397,71.0,2016-06-03
179,USC00519397,74.0,2016-06-04
180,USC00519397,76.0,2016-06-05
181,USC00519397,78.0,2016-06-06
182,USC00519397,77.0,2016-06-07
183,USC00519397,77.0,2016-06-08
184,USC00519397,73.0,2016-06-09
185,USC00519397,77.0,2016-06-10
186,USC00519397,78.0,2016-06-11
187,USC00519397,78.0,2016-06-12
188,USC00519397,80.0,2016-06-13
189,USC00519397,79.0,2016-06-14
190,USC00519397,78.0,2016-06-15
191,USC00519397,77.0,2016-06-16
192,USC00519397,76.0,2016-06-17
193,USC00519397,77.0,2016-06-18
194,USC00519397,77.0,2016-06-19
195,USC00519397,78.0,2016-06-20
196,USC00519397,80.0,2016-06-21
197,USC00519397,79.0,2016-06-22
198,USC00519397,79.0,2016-06-23
199,USC00519397,77.0,2016-06-24
200,USC00519397,78.0,2016-06-25
201,USC00519397,79.0,2016-06-26
202,USC00519397,80.0,2016-06-27
203,USC00519397,76.0,2016-06-28
204,USC00519397,79.0,2016-06-29
205,USC00519397,80.0,2016-06-30
206,USC00519397,79.0,2017-06-01
207,USC00519397,79.0,2017-06-02
208,USC00519397,79.0,2017-06-03
209,USC00519397,79.0,2017-06-04
210,USC00519397,80.0,2017-06-05
211,USC00519397,79.0,2017-06-06
212,USC00519397,79.0,2017-06-07
213,USC00519397,80.0,2017-06-08
214,USC00519397,80.0,2017-06-09
215,USC00519397,77.0,2017-06-10
216,USC00519397,79.0,2017-06-11
217,USC00519397,83.0,2017-06-12
218,USC00519397,80.0,2017-06-13
219,USC00519397,80.0,2017-06-14
220,USC00519397,78.0,2017-06-15
221,USC00519397,79.0,2017-06-16
222,USC00519397,80.0,2017-06-17
223,USC00519397,77.0,2017-06-18
224,USC00519397,80.0,2017-06-19
225,USC00519397,78.0,2017-06-20
226,USC00519397,79.0,2017-06-21
227,USC00519397,80.0,2017-06-22
228,USC00519397,78.0,2017-06-23
229,USC00519397,80.0,2017-06-24
230,USC00519397,80.0,2017-06-25
231,USC00519397,81.0,2017-06-26
232,USC00519397,80.0,2017-06-27
233,USC00519397,79.0,2017-06-28
234,USC00519397,79.0,2017-06-29
235,USC00519397,75.0,2017-06-30
236,USC00519397,74.0,2010-06-01
237,USC00519397,76.0,2010-06-02
238,USC00519397,75.0,2010-06-03
239,USC00519397,75.0,2010-06-04
240,USC00519397,74.0,2010-06-05
241,USC00519397,75.0,2010-06-06
242,USC00519397,75.0,2010-06-07
243,USC00519397,75.0,2010-06-08
244,USC00519397,75.0,2010-06-09
245,USC00519397,75.0,2010-06-10
246,USC00519397,83.0,2010-06-11
247,USC00519397,75.0,2010-06-12
248,USC00519397,76.0,2010-06-13
249,USC00519397,73.0,2010-06-14
250,USC00519397,74.0,2010-06-15
251,USC00519397,74.0,2010-06-16
252,USC00519397,75.0,2010-06-17
253,USC00519397,70.0,2010-06-18
254,USC00519397,74.0,2010-06-19
255,USC00519397,75.0,2010-06-20
256,USC00519397,75.0,2010-06-21
257,USC00519397,75.0,2010-06-22
258,USC00519397,75.0,2010-06-23
259,USC00519397,75.0,2010-06-24
260,USC00519397,74.0,2010-06-25
261,USC00519397,72.0,2010-06-26
262,USC00519397,76.0,2010-06-27
263,USC00519397,73.0,2010-06-28
264,USC00519397,75.0,2010-06-29
265,USC00519397,76.0,2010-06-30
266,USC00519397,74.0,2011-06-01
267,USC00519397,75.0,2011-06-02
268,USC00519397,71.0,2011-06-03
269,USC00519397,69.0,2011-06-04
270,USC00519397,69.0,2011-06-05
271,USC00519397,74.0,2011-06-06
272,USC00519397,71.0,2011-06-07
273,USC00519397,74.0,2011-06-08
274,USC00519397,74.0,2011-06-09
275,USC00519397,75.0,2011-06-10
276,USC00519397,73.0,2011-06-11
277,USC00519397,73.0,2011-06-12
278,USC00519397,73.0,2011-06-13
279,USC00519397,75.0,2011-06-14
280,USC00519397,75.0,2011-06-15
281,USC00519397,74.0,2011-06-16
282,USC00519397,74.0,2011-06-17
283,USC00519397,75.0,2011-06-18
284,USC00519397,74.0,2011-06-19
285,USC00519397,73.0,2011-06-20
286,USC00519397,72.0,2011-06-21
287,USC00519397,74.0,2011-06-22
288,USC00519397,72.0,2011-06-23
289,USC00519397,75.0,2011-06-24
290,USC00519397,76.0,2011-06-25
291,USC00519397,74.0,2011-06-26
292,USC00519397,74.0,2011-06-27
293,USC00519397,74.0,2011-06-28
294,USC00519397,74.0,2011-06-29
295,USC00519397,74.0,2011-06-30
296,USC00519397,71.0,2012-06-01
297,USC00519397,71.0,2012-06-02
298,USC00519397,75.0,2012-06-03
299,USC00519397,72.0,2012-06-04
300,USC00519397,72.0,2012-06-05
301,USC00519397,73.0,2012-06-06
302,USC00519397,73.0,2012-06-07
303,USC00519397,73.0,2012-06-08
304,USC00519397,74.0,2012-06-09
305,USC00519397,73.0,2012-06-10
306,USC00519397,72.0,2012-06-11
307,USC00519397,72.0,2012-06-12
308,USC00519397,70.0,2012-06-13
309,USC00519397,72.0,2012-06-14
310,USC00519397,72.0,2012-06-15
311,USC00519397,72.0,2012-06-16
312,USC00519397,74.0,2012-06-17
313,USC00519397,73.0,2012-06-18
314,USC00519397,73.0,2012-06-19
315,USC00519397,70.0,2012-06-20
316,USC00519397,73.0,2012-06-21
317,USC00519397,72.0,2012-06-22
318,USC00519397,73.0,2012-06-23
319,USC00519397,69.0,2012-06-24
320,USC00519397,72.0,2012-06-25
321,USC00519397,71.0,2012-06-26
322,USC00519397,71.0,2012-06-27
323,USC00519397,73.0,2012-06-28
324,USC00519397,73.0,2012-06-29
325,USC00519397,72.0,2012-06-30
326,USC00519397,75.0,2013-06-01
327,USC00519397,75.0,2013-06-02
328,USC00519397,75.0,2013-06-03
329,USC00519397,75.0,2013-06-04
330,USC00519397,74.0,2013-06-05
331,USC00519397,74.0,2013-06-06
332,USC00519397,74.0,2013-06-07
333,USC00519397,75.0,2013-06-08
334,USC00519397,75.0,2013-06-09
335,USC00519397,74.0,2013-06-10
336,USC00519397,75.0,2013-06-11
337,USC00519397,75.0,2013-06-12
338,USC00519397,74.0,2013-06-13
339,USC00519397,72.0,2013-06-14
340,USC00519397,74.0,2013-06-15
341,USC00519397,74.0,2013-06-16
342,USC00519397,74.0,2013-06-17
343,USC00519397,74.0,2013-06-18
344,USC00519397,74.0,2013-06-19
345,USC00519397,72.0,2013-06-20
346,USC00519397,70.0,2013-06-21
347,USC00519397,75.0,2013-06-22
348,USC00519397,74.0,2013-06-23
349,USC00519397,71.0,2013-06-24
350,USC00519397,71.0,2013-06-25
351,USC00519397,70.0,2013-06-26
352,USC00519397,73.0,2013-06-27
353,USC00519397,71.0,2013-06-28
354,USC00519397,71.0,2013-06-29
355,USC00519397,77.0,2013-06-30
356,USC00519397,77.0,2014-06-01
357,USC00519397,74.0,2014-06-02
358,USC00519397,73.0,2014-06-03
359,USC00519397,75.0,2014-06-04
360,USC00519397,75.0,2014-06-05
361,USC00519397,74.0,2014-06-06
362,USC00519397,74.0,2014-06-07
363,USC00519397,75.0,2014-06-08
364,USC00519397,75.0,2014-06-09
365,USC00519397,72.0,2014-06-10
366,USC00519397,74.0,2014-06-11
367,USC00519397,76.0,2014-06-12
368,USC00519397,76.0,2014-06-13
369,USC00519397,75.0,2014-06-14
370,USC00519397,75.0,2014-06-15
371,USC00519397,74.0,2014-06-16
372,USC00519397,72.0,2014-06-17
373,USC00519397,74.0,2014-06-18
374,USC00519397,75.0,2014-06-19
375,USC00519397,70.0,2014-06-20
376,USC00519397,71.0,2014-06-21
377,USC00519397,72.0,2014-06-22
378,USC00519397,71.0,2014-06-23
379,USC00519397,73.0,2014-06-24
380,USC00519397,74.0,2014-06-25
381,USC00519397,72.0,2014-06-26
382,USC00519397,74.0,2014-06-27
383,USC00519397,76.0,2014-06-28
384,USC00519397,72.0,2014-06-29
385,USC00519397,75.0,2014-06-30
386,USC00519397,75.0,2015-06-03
387,USC00519397,72.0,2015-06-04
388,USC00519397,70.0,2015-06-05
389,USC00519397,76.0,2015-06-06
390,USC00519397,78.0,2015-06-07
391,USC00519397,72.0,2015-06-08
392,USC00519397,74.0,2015-06-09
393,USC00519397,74.0,2015-06-10
394,USC00519397,72.0,2015-06-11
395,USC00519397,71.0,2015-06-12
396,USC00519397,79.0,2015-06-13
397,USC00519397,79.0,2015-06-14
398,USC00519397,76.0,2015-06-15
399,USC00519397,75.0,2015-06-16
400,USC00519397,72.0,2015-06-17
401,USC00519397,74.0,2015-06-18
402,USC00519397,76.0,2015-06-19
403,USC00519397,76.0,2015-06-20
404,USC00519397,77.0,2015-06-21
405,USC00519397,75.0,2015-06-22
406,USC00519397,76.0,2015-06-23
407,USC00519397,75.0,2015-06-24
408,USC00519397,75.0,2015-06-25
409,USC00519397,76.0,2015-06-26
410,USC00519397,76.0,2015-06-27
411,USC00519397,74.0,2015-06-29
412,USC00519397,70.0,2016-06-01
413,USC00519397,69.0,2016-06-02
414,USC00519397,70.0,2016-06-03
415,USC00519397,68.0,2016-06-04
416,USC00519397,70.0,2016-06-05
417,USC00519397,74.0,2016-06-06
418,USC00519397,75.0,2016-06-07
419,USC00519397,74.0,2016-06-08
420,USC00519397,71.0,2016-06-09
421,USC00519397,73.0,2016-06-10
422,USC00519397,75.0,2016-06-11
423,USC00519397,74.0,2016-06-12
424,USC00519397,76.0,2016-06-13
425,USC00519397,76.0,2016-06-14
426,USC00519397,76.0,2016-06-15
427,USC00519397,76.0,2016-06-16
428,USC00519397,75.0,2016-06-17
429,USC00519397,75.0,2016-06-18
430,USC00519397,75.0,2016-06-19
431,USC00519397,74.0,2016-06-20
432,USC00519397,73.0,2016-06-21
433,USC00519397,76.0,2016-06-22
434,USC00519397,74.0,2016-06-23
435,USC00519397,78.0,2016-06-24
436,USC00519397,71.0,2016-06-25
437,USC00519397,75.0,2016-06-26
438,USC00519397,75.0,2016-06-27
439,USC00519397,74.0,2016-06-28
440,USC00519397,77.0,2016-06-29
441,USC00519397,77.0,2016-06-30
442,USC00519397,76.0,2017-06-01
443,USC00519397,76.0,2017-06-02
444,USC00519397,76.0,2017-06-03
445,USC00519397,78.0,2017-06-04
446,USC00519397,76.0,2017-06-05
447,USC00519397,75.0,2017-06-06
448,USC00519397,75.0,2017-06-07
449,USC00519397,76.0,2017-06-08
450,USC00519397,78.0,2017-06-09
451,USC00519397,75.0,2017-06-10
452,USC00519397,73.0,2017-06-11
453,USC00519397,76.0,2017-06-12
454,USC00519397,76.0,2017-06-13
455,USC00519397,76.0,2017-06-14
456,USC00519397,77.0,2017-06-15
457,USC00519397,76.0,2017-06-16
458,USC00519397,77.0,2017-06-17
459,USC00519397,72.0,2017-06-18
460,USC00519397,77.0,2017-06-19
461,USC00519397,75.0,2017-06-20
462,USC00519397,82.0,2017-06-21
463,USC00519397,77.0,2017-06-22
464,USC00519397,76.0,2017-06-23
465,USC00519397,74.0,2017-06-24
466,USC00519397,73.0,2017-06-25
467,USC00519397,77.0,2017-06-26
468,USC00519397,77.0,2017-06-27
469,USC00519397,77.0,2017-06-28
470,USC00519397,76.0,2017-06-29
471,USC00519397,74.0,2017-06-30
472,USC00519397,73.0,2010-06-01
473,USC00519397,72.0,2010-06-02
474,USC00519397,74.0,2010-06-03
475,USC00519397,73.0,2010-06-04
476,USC00519397,72.0,2010-06-05
477,USC00519397,75.0,2010-06-06
478,USC00519397,74.0,2010-06-07
479,USC00519397,75.0,2010-06-08
480,USC00519397,73.0,2010-06-09
481,USC00519397,75.0,2010-06-10
482,USC00519397,76.0,2010-06-11
483,USC00519397,74.0,2010-06-12
484,USC00519397,74.0,2010-06-13
485,USC00519397,73.0,2010-06-14
486,USC00519397,73.0,2010-06-15
487,USC00519397,76.0,2010-06-16
488,USC00519397,75.0,2010-06-17
489,USC00519397,70.0,2010-06-18
490,USC00519397,75.0,2010-06-19
491,USC00519397,73.0,2010-06-20
492,USC00519397,74.0,2010-06-21
493,USC00519397,74.0,2010-06-22
494,USC00519397,74.0,2010-06-23
495,USC00519397,74.0,2010-06-24
496,USC00519397,70.0,2010-06-25
497,USC00519397,75.0,2010-06-27
498,USC00519397,74.0,2010-06-28
499,USC00519397,73.0,2010-06-29
500,USC00519397,74.0,2010-06-30
501,USC00519397,72.0,2011-06-01
502,USC00519397,73.0,2011-06-02
503,USC00519397,67.0,2011-06-03
504,USC00519397,69.0,2011-06-04
505,USC00519397,76.0,2011-06-05
506,USC00519397,73.0,2011-06-06
507,USC00519397,70.0,2011-06-07
508,USC00519397,72.0,2011-06-08
509,USC00519397,74.0,2011-06-09
510,USC00519397,72.0,2011-06-10
511,USC00519397,72.0,2011-06-13
512,USC00519397,75.0,2011-06-14
513,USC00519397,73.0,2011-06-15
514,USC00519397,73.0,2011-06-16
515,USC00519397,72.0,2011-06-17
516,USC00519397,74.0,2011-06-18
517,USC00519397,76.0,2011-06-19
518,USC00519397,72.0,2011-06-21
519,USC00519397,74.0,2011-06-22
520,USC00519397,70.0,2011-06-23
521,USC00519397,74.0,2011-06-24
522,USC00519397,74.0,2011-06-25
523,USC00519397,74.0,2011-06-27
524,USC00519397,71.0,2011-06-28
525,USC00519397,75.0,2012-06-21
526,USC00519397,75.0,2012-06-22
527,USC00519397,76.0,2012-06-24
528,USC00519397,77.0,2012-06-25
529,USC00519397,75.0,2012-06-26
530,USC00519397,74.0,2012-06-27
531,USC00519397,75.0,2012-06-28
532,USC00519397,76.0,2012-06-29
533,USC00519397,78.0,2012-06-30
534,USC00519397,78.0,2013-06-03
535,USC00519397,76.0,2013-06-04
536,USC00519397,78.0,2013-06-05
537,USC00519397,76.0,2013-06-06
538,USC00519397,76.0,2013-06-07
539,USC00519397,78.0,2013-06-08
540,USC00519397,79.0,2013-06-09
541,USC00519397,77.0,2013-06-10
542,USC00519397,76.0,2013-06-11
543,USC00519397,77.0,2013-06-12
544,USC00519397,77.0,2013-06-13
545,USC00519397,76.0,2013-06-14
546,USC00519397,78.0,2013-06-16
547,USC00519397,76.0,2013-06-17
548,USC00519397,76.0,2013-06-18
549,USC00519397,77.0,2013-06-19
550,USC00519397,71.0,2013-06-20
551,USC00519397,74.0,2013-06-25
552,USC00519397,72.0,2013-06-26
553,USC00519397,77.0,2013-06-27
554,USC00519397,77.0,2014-06-01
555,USC00519397,78.0,2014-06-02
556,USC00519397,77.0,2014-06-03
557,USC00519397,77.0,2014-06-04
558,USC00519397,76.0,2014-06-05
559,USC00519397,75.0,2014-06-06
560,USC00519397,79.0,2014-06-07
561,USC00519397,75.0,2014-06-09
562,USC00519397,73.0,2014-06-10
563,USC00519397,76.0,2014-06-11
564,USC00519397,78.0,2014-06-12
565,USC00519397,77.0,2014-06-13
566,USC00519397,78.0,2014-06-14
567,USC00519397,76.0,2014-06-16
568,USC00519397,75.0,2014-06-17
569,USC00519397,76.0,2014-06-18
570,USC00519397,77.0,2014-06-19
571,USC00519397,74.0,2014-06-20
572,USC00519397,78.0,2014-06-21
573,USC00519397,77.0,2014-06-23
574,USC00519397,77.0,2014-06-24
575,USC00519397,74.0,2014-06-25
576,USC00519397,74.0,2014-06-26
577,USC00519397,78.0,2014-06-27
578,USC00519397,79.0,2014-06-29
579,USC00519397,79.0,2014-06-30
580,USC00519397,78.0,2015-06-01
581,USC00519397,75.0,2015-06-03
582,USC00519397,76.0,2015-06-04
583,USC00519397,78.0,2015-06-05
584,USC00519397,78.0,2015-06-06
585,USC00519397,74.0,2015-06-08
586,USC00519397,78.0,2015-06-09
587,USC00519397,77.0,2015-06-10
588,USC00519397,76.0,2015-06-11
589,USC00519397,78.0,2015-06-12
590,USC00519397,78.0,2015-06-14
591,USC00519397,78.0,2015-06-15
592,USC00519397,78.0,2015-06-16
593,USC00519397,74.0,2015-06-17
594,USC00519397,79.0,2015-06-18
595,USC00519397,77.0,2015-06-19
596,USC00519397,73.0,2015-06-20
597,USC00519397,79.0,2015-06-21
598,USC00519397,79.0,2015-06-22
599,USC00519397,78.0,2015-06-23
600,USC00519397,77.0,2015-06-24
601,USC00519397,78.0,2015-06-25
602,USC00519397,78.0,2015-06-26
603,USC00519397,80.0,2015-06-27
604,USC00519397,80.0,2015-06-28
605,USC00519397,79.0,2015-06-29
606,USC00519397,74.0,2015-06-30
607,USC00519397,71.0,2016-06-01
608,USC00519397,74.0,2016-06-02
609,USC00519397,75.0,2016-06-03
610,USC00519397,75.0,2016-06-07
611,USC00519397,74.0,2016-06-08
612,USC00519397,76.0,2016-06-09
613,USC00519397,75.0,2016-06-10
614,USC00519397,77.0,2016-06-11
615,USC00519397,77.0,2016-06-12
616,USC00519397,79.0,2016-06-13
617,USC00519397,79.0,2016-06-14
618,USC00519397,78.0,2016-06-15
619,USC00519397,79.0,2016-06-16
620,USC00519397,73.0,2016-06-17
621,USC00519397,78.0,2016-06-18
622,USC00519397,79.0,2016-06-19
623,USC00519397,80.0,2016-06-20
624,USC00519397,76.0,2016-06-21
625,USC00519397,79.0,2016-06-22
626,USC00519397,79.0,2016-06-23
627,USC00519397,77.0,2016-06-24
628,USC00519397,80.0,2016-06-25
629,USC00519397,79.0,2016-06-26
630,USC00519397,78.0,2016-06-27
631,USC00519397,78.0,2016-06-28
632,USC00519397,79.0,2016-06-29
633,USC00519397,78.0,2016-06-30
634,USC00519397,81.0,2017-06-01
635,USC00519397,78.0,2017-06-02
636,USC00519397,80.0,2017-06-03
637,USC00519397,79.0,2017-06-04
638,USC00519397,81.0,2017-06-05
639,USC00519397,80.0,2017-06-06
640,USC00519397,81.0,2017-06-07
641,USC00519397,79.0,2017-06-08
642,USC00519397,81.0,2017-06-09
643,USC00519397,78.0,2017-06-10
644,USC00519397,79.0,2017-06-11
645,USC00519397,79.0,2017-06-12
646,USC00519397,75.0,2017-06-13
647,USC00519397,79.0,2017-06-14
648,USC00519397,78.0,2017-06-15
649,USC00519397,80.0,2017-06-16
650,USC00519397,78.0,2017-06-17
651,USC00519397,77.0,2017-06-18
652,USC00519397,78.0,2017-06-19
653,USC00519397,79.0,2017-06-20
654,USC00519397,76.0,2017-06-23
655,USC00519397,80.0,2017-06-26
656,USC00519397,76.0,2017-06-29
657,USC00519397,81.0,2017-06-30
658,USC00519397,77.0,2010-06-01
659,USC00519397,76.0,2010-06-02
660,USC00519397,77.0,2010-06-03
661,USC00519397,75.0,2010-06-04
662,USC00519397,76.0,2010-06-07
663,USC00519397,79.0,2010-06-08
664,USC00519397,79.0,2010-06-09
665,USC00519397,77.0,2010-06-10
666,USC00519397,76.0,2010-06-15
667,USC00519397,77.0,2010-06-16
668,USC00519397,76.0,2010-06-17
669,USC00519397,73.0,2010-06-18
670,USC00519397,76.0,2010-06-21
671,USC00519397,77.0,2010-06-22
672,USC00519397,77.0,2010-06-23
673,USC00519397,78.0,2010-06-24
674,USC00519397,77.0,2010-06-25
675,USC00519397,76.0,2010-06-28
676,USC00519397,78.0,2010-06-29
677,USC00519397,78.0,2010-06-30
678,USC00519397,75.0,2011-06-01
679,USC00519397,77.0,2011-06-02
680,USC00519397,65.0,2011-06-03
681,USC00519397,76.0,2011-06-06
682,USC00519397,74.0,2011-06-07
683,USC00519397,76.0,2011-06-08
684,USC00519397,76.0,2011-06-09
685,USC00519397,77.0,2011-06-13
686,USC00519397,77.0,2011-06-14
687,USC00519397,76.0,2011-06-15
688,USC00519397,77.0,2011-06-16
689,USC00519397,76.0,2011-06-17
690,USC00519397,77.0,2011-06-20
691,USC00519397,74.0,2011-06-21
692,USC00519397,76.0,2011-06-22
693,USC00519397,73.0,2011-06-23
694,USC00519397,75.0,2011-06-24
695,USC00519397,76.0,2011-06-27
696,USC00519397,75.0,2011-06-28
697,USC00519397,76.0,2011-06-29
698,USC00519397,75.0,2011-06-30
699,USC00519397,74.0,2012-06-01
700,USC00519397,74.0,2012-06-04
701,USC00519397,74.0,2012-06-05
702,USC00519397,74.0,2012-06-06
703,USC00519397,76.0,2012-06-07
704,USC00519397,76.0,2012-06-08
705,USC00519397,77.0,2012-06-12
706,USC00519397,77.0,2012-06-13
707,USC00519397,78.0,2012-06-14
708,USC00519397,73.0,2012-06-15
709,USC00519397,75.0,2012-06-18
710,USC00519397,72.0,2012-06-19
711,USC00519397,76.0,2012-06-20
712,USC00519397,76.0,2012-06-21
713,USC00519397,73.0,2012-06-22
714,USC00519397,74.0,2012-06-25
715,USC00519397,72.0,2012-06-26
716,USC00519397,76.0,2012-06-27
717,USC00519397,76.0,2012-06-28
718,USC00519397,76.0,2012-06-29
719,USC00519397,78.0,2013-06-03
720,USC00519397,78.0,2013-06-04
721,USC00519397,78.0,2013-06-05
722,USC00519397,78.0,2013-06-06
723,USC00519397,75.0,2013-06-07
724,USC00519397,77.0,2013-06-10
725,USC00519397,73.0,2013-06-12
726,USC00519397,78.0,2013-06-13
727,USC00519397,75.0,2013-06-14
728,USC00519397,73.0,2013-06-17
729,USC00519397,77.0,2013-06-18
730,USC00519397,80.0,2013-06-19
731,USC00519397,70.0,2013-06-20
732,USC00519397,78.0,2013-06-21
733,USC00519397,72.0,2013-06-25
734,USC00519397,78.0,2013-06-26
735,USC00519397,72.0,2013-06-27
736,USC00519397,78.0,2013-06-28
737,USC00519397,77.0,2014-06-02
738,USC00519397,79.0,2014-06-03
739,USC00519397,77.0,2014-06-04
740,USC00519397,78.0,2014-06-05
741,USC00519397,74.0,2014-06-06
742,USC00519397,79.0,2014-06-09
743,USC00519397,79.0,2014-06-10
744,USC00519397,79.0,2014-06-12
745,USC00519397,79.0,2014-06-13
746,USC00519397,77.0,2014-06-16
747,USC00519397,79.0,2014-06-17
748,USC00519397,78.0,2014-06-18
749,USC00519397,80.0,2014-06-19
750,USC00519397,81.0,2014-06-20
751,USC00519397,81.0,2014-06-27
752,USC00519397,78.0,2015-06-10
753,USC00519397,77.0,2015-06-12
754,USC00519397,78.0,2015-06-15
755,USC00519397,79.0,2015-06-16
756,USC00519397,77.0,2015-06-17
757,USC00519397,79.0,2015-06-18
758,USC00519397,80.0,2015-06-19
759,USC00519397,79.0,2015-06-22
760,USC00519397,78.0,2015-06-23
761,USC00519397,79.0,2015-06-24
762,USC00519397,79.0,2015-06-25
763,USC00519397,79.0,2015-06-29
764,USC00519397,81.0,2015-06-30
765,USC00519397,64.0,2016-06-01
766,USC00519397,65.0,2016-06-02
767,USC00519397,75.0,2016-06-03
768,USC00519397,76.0,2016-06-06
769,USC00519397,78.0,2016-06-07
770,USC00519397,77.0,2016-06-08
771,USC00519397,75.0,2016-06-09
772,USC00519397,78.0,2016-06-13
773,USC00519397,81.0,2016-06-14
774,USC00519397,78.0,2016-06-15
775,USC00519397,76.0,2016-06-16
776,USC00519397,73.0,2016-06-17
777,USC00519397,74.0,2016-06-20
778,USC00519397,76.0,2016-06-21
779,USC00519397,78.0,2016-06-22
780,USC00519397,79.0,2016-06-23
781,USC00519397,78.0,2016-06-24
782,USC00519397,72.0,2016-06-27
783,USC00519397,78.0,2016-06-28
784,USC00519397,80.0,2016-06-29
785,USC00519397,81.0,2016-06-30
786,USC00519397,79.0,2017-06-02
787,USC00519397,78.0,2017-06-05
788,USC00519397,80.0,2017-06-06
789,USC00519397,80.0,2017-06-07
790,USC00519397,78.0,2017-06-08
791,USC00519397,80.0,2017-06-09
792,USC00519397,81.0,2017-06-13
793,USC00519397,78.0,2017-06-14
794,USC00519397,77.0,2017-06-15
795,USC00519397,78.0,2017-06-16
796,USC00519397,78.0,2017-06-19
797,USC00519397,77.0,2017-06-20
798,USC00519397,76.0,2017-06-21
799,USC00519397,81.0,2017-06-22
800,USC00519397,76.0,2017-06-23
801,USC00519397,82.0,2017-06-26
802,USC00519397,80.0,2017-06-27
803,USC00519397,80.0,2017-06-28
804,USC00519397,79.0,2017-06-29
805,USC00519397,74.0,2017-06-30
806,USC00519397,69.0,2010-06-01
807,USC00519397,70.0,2010-06-02
808,USC00519397,67.0,2010-06-03
809,USC00519397,70.0,2010-06-04
810,USC00519397,73.0,2010-06-05
811,USC00519397,73.0,2010-06-06
812,USC00519397,72.0,2010-06-09
813,USC00519397,72.0,2010-06-10
814,USC00519397,77.0,2010-06-11
815,USC00519397,70.0,2010-06-12
816,USC00519397,78.0,2010-06-13
817,USC00519397,73.0,2010-06-15
818,USC00519397,75.0,2010-06-17
819,USC00519397,70.0,2010-06-18
820,USC00519397,74.0,2010-06-19
821,USC00519397,77.0,2010-06-20
822,USC00519397,69.0,2010-06-22
823,USC00519397,73.0,2010-06-23
824,USC00519397,73.0,2010-06-24
825,USC00519397,74.0,2010-06-25
826,USC00519397,73.0,2010-06-28
827,USC00519397,72.0,2010-06-29
828,USC00519397,75.0,2010-06-30
829,USC00519397,73.0,2011-06-08
830,USC00519397,76.0,2011-06-09
831,USC00519397,74.0,2011-06-12
832,USC00519397,76.0,2011-06-13
833,USC00519397,73.0,2011-06-14
834,USC00519397,76.0,2011-06-15
835,USC00519397,76.0,2011-06-16
836,USC00519397,78.0,2011-06-20
837,USC00519397,75.0,2011-06-21
838,USC00519397,77.0,2011-06-22
839,USC00519397,75.0,2012-06-01
840,USC00519397,73.0,2012-06-14
841,USC00519397,76.0,2012-06-21
842,USC00519397,71.0,2012-06-26
843,USC00519397,71.0,2012-06-29
844,USC00519397,76.0,2010-06-01
845,USC00519397,76.0,2010-06-02
846,USC00519397,76.0,2010-06-03
847,USC00519397,73.0,2010-06-04
848,USC00519397,78.0,2010-06-05
849,USC00519397,77.0,2010-06-06
850,USC00519397,77.0,2010-06-07
851,USC00519397,77.0,2010-06-08
852,USC00519397,78.0,2010-06-09
853,USC00519397,78.0,2010-06-10
854,USC00519397,76.0,2010-06-11
855,USC00519397,76.0,2010-06-12
856,USC00519397,79.0,2010-06-13
857,USC00519397,74.0,2010-06-14
858,USC00519397,75.0,2010-06-15
859,USC00519397,76.0,2010-06-16
860,USC00519397,75.0,2010-06-17
861,USC00519397,73.0,2010-06-18
862,USC00519397,76.0,2010-06-19
863,USC00519397,78.0,2010-06-20
864,USC00519397,76.0,2010-06-21
865,USC00519397,79.0,2010-06-22
866,USC00519397,77.0,2010-06-23
867,USC00519397,76.0,2010-06-24
868,USC00519397,74.0,2010-06-25
869,USC00519397,75.0,2010-06-26
870,USC00519397,76.0,2010-06-28
871,USC00519397,76.0,2010-06-29
872,USC00519397,76.0,2010-06-30
873,USC00519397,79.0,2011-06-01
874,USC00519397,76.0,2011-06-02
875,USC00519397,72.0,2011-06-03
876,USC00519397,71.0,2011-06-04
877,USC00519397,72.0,2011-06-05
878,USC00519397,76.0,2011-06-06
879,USC00519397,74.0,2011-06-07
880,USC00519397,75.0,2011-06-08
881,USC00519397,76.0,2011-06-09
882,USC00519397,77.0,2011-06-10
883,USC00519397,76.0,2011-06-11
884,USC00519397,75.0,2011-06-12
885,USC00519397,76.0,2011-06-13
886,USC00519397,76.0,2011-06-14
887,USC00519397,76.0,2011-06-15
888,USC00519397,75.0,2011-06-16
889,USC00519397,76.0,2011-06-17
890,USC00519397,76.0,2011-06-18
891,USC00519397,79.0,2011-06-19
892,USC00519397,74.0,2011-06-20
893,USC00519397,73.0,2011-06-21
894,USC00519397,75.0,2011-06-22
895,USC00519397,74.0,2011-06-23
896,USC00519397,75.0,2011-06-24
897,USC00519397,76.0,2011-06-25
898,USC00519397,72.0,2011-06-26
899,USC00519397,74.0,2011-06-27
900,USC00519397,74.0,2011-06-28
901,USC00519397,75.0,2011-06-29
902,USC00519397,75.0,2011-06-30
903,USC00519397,74.0,2012-06-01
904,USC00519397,75.0,2012-06-02
905,USC00519397,77.0,2012-06-03
906,USC00519397,75.0,2012-06-04
907,USC00519397,74.0,2012-06-05
908,USC00519397,75.0,2012-06-06
909,USC00519397,74.0,2012-06-07
910,USC00519397,75.0,2012-06-08
911,USC00519397,73.0,2012-06-09
912,USC00519397,75.0,2012-06-10
913,USC00519397,76.0,2012-06-11
914,USC00519397,76.0,2012-06-12
915,USC00519397,76.0,2012-06-13
916,USC00519397,79.0,2012-06-14
917,USC00519397,74.0,2012-06-15
918,USC00519397,78.0,2012-06-16
919,USC00519397,80.0,2012-06-17
920,USC00519397,75.0,2012-06-18
921,USC00519397,72.0,2012-06-19
922,USC00519397,72.0,2012-06-20
923,USC00519397,74.0,2012-06-21
924,USC00519397,78.0,2012-06-22
925,USC00519397,76.0,2012-06-23
926,USC00519397,77.0,2012-06-24
927,USC00519397,72.0,2012-06-25
928,USC00519397,72.0,2012-06-26
929,USC00519397,73.0,2012-06-27
930,USC00519397,75.0,2012-06-28
931,USC00519397,79.0,2012-06-29
932,USC00519397,81.0,2012-06-30
933,USC00519397,76.0,2013-06-01
934,USC00519397,76.0,2013-06-02
935,USC00519397,77.0,2013-06-03
936,USC00519397,78.0,2013-06-04
937,USC00519397,79.0,2013-06-05
938,USC00519397,79.0,2013-06-06
939,USC00519397,75.0,2013-06-07
940,USC00519397,79.0,2013-06-08
941,USC00519397,79.0,2013-06-09
942,USC00519397,75.0,2013-06-10
943,USC00519397,77.0,2013-06-11
944,USC00519397,81.0,2013-06-12
945,USC00519397,76.0,2013-06-13
946,USC00519397,75.0,2013-06-14
947,USC00519397,78.0,2013-06-15
948,USC00519397,81.0,2013-06-16
949,USC00519397,76.0,2013-06-17
950,USC00519397,76.0,2013-06-18
951,USC00519397,76.0,2013-06-19
952,USC00519397,72.0,2013-06-20
953,USC00519397,73.0,2013-06-21
954,USC00519397,74.0,2013-06-22
955,USC00519397,74.0,2013-06-23
956,USC00519397,75.0,2013-06-24
957,USC00519397,73.0,2013-06-25
958,USC00519397,73.0,2013-06-26
959,USC00519397,76.0,2013-06-27
960,USC00519397,73.0,2013-06-29
961,USC00519397,79.0,2013-06-30
962,USC00519397,78.0,2014-06-01
963,USC00519397,76.0,2014-06-02
964,USC00519397,76.0,2014-06-04
965,USC00519397,76.0,2014-06-05
966,USC00519397,77.0,2014-06-06
967,USC00519397,79.0,2014-06-07
968,USC00519397,80.0,2014-06-08
969,USC00519397,78.0,2014-06-09
970,USC00519397,76.0,2014-06-10
971,USC00519397,78.0,2014-06-11
972,USC00519397,78.0,2014-06-12
973,USC00519397,77.0,2014-06-13
974,USC00519397,79.0,2014-06-14
975,USC00519397,79.0,2014-06-15
976,USC00519397,75.0,2014-06-16
977,USC00519397,76.0,2014-06-18
978,USC00519397,77.0,2014-06-19
979,USC00519397,74.0,2014-06-20
980,USC00519397,77.0,2014-06-21
981,USC00519397,76.0,2014-06-22
982,USC00519397,76.0,2014-06-23
983,USC00519397,75.0,2014-06-24
984,USC00519397,74.0,2014-06-25
985,USC00519397,79.0,2014-06-26
986,USC00519397,76.0,2014-06-28
987,USC00519397,74.0,2014-06-29
988,USC00519397,76.0,2014-06-30
989,USC00519397,77.0,2015-06-01
990,USC00519397,78.0,2015-06-02
991,USC00519397,77.0,2015-06-03
992,USC00519397,75.0,2015-06-04
993,USC00519397,75.0,2015-06-05
994,USC00519397,80.0,2015-06-06
995,USC00519397,77.0,2015-06-07
996,USC00519397,77.0,2015-06-08
997,USC00519397,77.0,2015-06-09
998,USC00519397,80.0,2015-06-10
999,USC00519397,76.0,2015-06-11
1000,USC00519397,78.0,2015-06-12
1001,USC00519397,77.0,2015-06-13
1002,USC00519397,79.0,2015-06-14
1003,USC00519397,79.0,2015-06-15
1004,USC00519397,77.0,2015-06-16
1005,USC00519397,75.0,2015-06-17
1006,USC00519397,76.0,2015-06-18
1007,USC00519397,78.0,2015-06-19
1008,USC00519397,78.0,2015-06-20
1009,USC00519397,80.0,2015-06-21
1010,USC00519397,78.0,2015-06-22
1011,USC00519397,79.0,2015-06-23
1012,USC00519397,79.0,2015-06-24
1013,USC00519397,77.0,2015-06-25
1014,USC00519397,77.0,2015-06-26
1015,USC00519397,81.0,2015-06-27
1016,USC00519397,75.0,2015-06-29
1017,USC00519397,72.0,2015-06-30
1018,USC00519397,75.0,2016-06-01
1019,USC00519397,75.0,2016-06-02
1020,USC00519397,75.0,2016-06-03
1021,USC00519397,75.0,2016-06-04
1022,USC00519397,73.0,2016-06-05
1023,USC00519397,78.0,2016-06-06
1024,USC00519397,77.0,2016-06-07
1025,USC00519397,80.0,2016-06-08
1026,USC00519397,72.0,2016-06-09
1027,USC00519397,78.0,2016-06-10
1028,USC00519397,78.0,2016-06-11
1029,USC00519397,77.0,2016-06-12
1030,USC00519397,78.0,2016-06-13
1031,USC00519397,79.0,2016-06-14
1032,USC00519397,80.0,2016-06-15
1033,USC00519397,76.0,2016-06-17
1034,USC00519397,77.0,2016-06-18
1035,USC00519397,79.0,2016-06-19
1036,USC00519397,79.0,2016-06-20
1037,USC00519397,77.0,2016-06-21
1038,USC00519397,79.0,2016-06-22
1039,USC00519397,80.0,2016-06-23
1040,USC00519397,80.0,2016-06-24
1041,USC00519397,77.0,2016-06-25
1042,USC00519397,79.0,2016-06-26
1043,USC00519397,81.0,2016-06-27
1044,USC00519397,78.0,2016-06-28
1045,USC00519397,80.0,2016-06-29
1046,USC00519397,79.0,2016-06-30
1047,USC00519397,79.0,2017-06-01
1048,USC00519397,81.0,2017-06-02
1049,USC00519397,79.0,2017-06-03
1050,USC00519397,81.0,2017-06-04
1051,USC00519397,78.0,2017-06-05
1052,USC00519397,78.0,2017-06-06
1053,USC00519397,78.0,2017-06-07
1054,USC00519397,77.0,2017-06-08
1055,USC00519397,78.0,2017-06-09
1056,USC00519397,75.0,2017-06-10
1057,USC00519397,81.0,2017-06-11
1058,USC00519397,80.0,2017-06-12
1059,USC00519397,77.0,2017-06-13
1060,USC00519397,80.0,2017-06-14
1061,USC00519397,78.0,2017-06-15
1062,USC00519397,80.0,2017-06-16
1063,USC00519397,77.0,2017-06-17
1064,USC00519397,78.0,2017-06-18
1065,USC00519397,78.0,2017-06-19
1066,USC00519397,80.0,2017-06-21
1067,USC00519397,80.0,2017-06-22
1068,USC00519397,79.0,2017-06-23
1069,USC00519397,82.0,2017-06-24
1070,USC00519397,80.0,2017-06-25
1071,USC00519397,81.0,2017-06-26
1072,USC00519397,81.0,2017-06-27
1073,USC00519397,79.0,2017-06-28
1074,USC00519397,78.0,2017-06-29
1075,USC00519397,75.0,2017-06-30
1076,USC00519397,71.0,2010-06-01
1077,USC00519397,71.0,2010-06-02
1078,USC00519397,72.0,2010-06-03
1079,USC00519397,72.0,2010-06-04
1080,USC00519397,76.0,2010-06-05
1081,USC00519397,77.0,2010-06-06
1082,USC00519397,71.0,2010-06-07
1083,USC00519397,73.0,2010-06-08
1084,USC00519397,73.0,2010-06-09
1085,USC00519397,75.0,2010-06-10
1086,USC00519397,81.0,2010-06-11
1087,USC00519397,74.0,2010-06-12
1088,USC00519397,77.0,2010-06-13
1089,USC00519397,70.0,2010-06-14
1090,USC00519397,69.0,2010-06-15
1091,USC00519397,70.0,2010-06-16
1092,USC00519397,72.0,2010-06-17
1093,USC00519397,71.0,2010-06-18
1094,USC00519397,77.0,2010-06-19
1095,USC00519397,76.0,2010-06-20
1096,USC00519397,74.0,2010-06-21
1097,USC00519397,74.0,2010-06-22
1098,USC00519397,74.0,2010-06-23
1099,USC00519397,74.0,2010-06-24
1100,USC00519397,71.0,2010-06-25
1101,USC00519397,80.0,2010-06-26
1102,USC00519397,77.0,2010-06-27
1103,USC00519397,72.0,2010-06-28
1104,USC00519397,72.0,2010-06-29
1105,USC00519397,73.0,2010-06-30
1106,USC00519397,72.0,2011-06-01
1107,USC00519397,73.0,2011-06-02
1108,USC00519397,73.0,2011-06-03
1109,USC00519397,77.0,2011-06-08
1110,USC00519397,76.0,2011-06-09
1111,USC00519397,79.0,2011-06-10
1112,USC00519397,78.0,2011-06-11
1113,USC00519397,82.0,2011-06-12
1114,USC00519397,79.0,2011-06-13
1115,USC00519397,76.0,2011-06-14
1116,USC00519397,74.0,2011-06-15
1117,USC00519397,74.0,2011-06-16
1118,USC00519397,73.0,2011-06-17
1119,USC00519397,79.0,2011-06-18
1120,USC00519397,77.0,2011-06-19
1121,USC00519397,73.0,2011-06-20
1122,USC00519397,72.0,2011-06-21
1123,USC00519397,72.0,2011-06-22
1124,USC00519397,73.0,2011-06-23
1125,USC00519397,74.0,2011-06-24
1126,USC00519397,77.0,2011-06-25
1127,USC00519397,73.0,2011-06-26
1128,USC00519397,73.0,2011-06-27
1129,USC00519397,72.0,2011-06-28
1130,USC00519397,72.0,2011-06-29
1131,USC00519397,67.0,2011-06-30
1132,USC00519397,71.0,2012-06-01
1133,USC00519397,73.0,2012-06-02
1134,USC00519397,78.0,2012-06-03
1135,USC00519397,71.0,2012-06-04
1136,USC00519397,72.0,2012-06-05
1137,USC00519397,70.0,2012-06-06
1138,USC00519397,72.0,2012-06-07
1139,USC00519397,73.0,2012-06-08
1140,USC00519397,74.0,2012-06-09
1141,USC00519397,81.0,2012-06-10
1142,USC00519397,72.0,2012-06-11
1143,USC00519397,77.0,2012-06-12
1144,USC00519397,69.0,2012-06-13
1145,USC00519397,69.0,2012-06-14
1146,USC00519397,69.0,2012-06-15
1147,USC00519397,78.0,2012-06-16
1148,USC00519397,78.0,2012-06-17
1149,USC00519397,73.0,2012-06-18
1150,USC00519397,72.0,2012-06-19
1151,USC00519397,71.0,2012-06-20
1152,USC00519397,72.0,2012-06-21
1153,USC00519397,72.0,2012-06-22
1154,USC00519397,73.0,2012-06-23
1155,USC00519397,71.0,2012-06-24
1156,USC00519397,70.0,2012-06-25
1157,USC00519397,71.0,2012-06-26
1158,USC00519397,68.0,2012-06-27
1159,USC00519397,72.0,2012-06-28
1160,USC00519397,71.0,2012-06-29
1161,USC00519397,78.0,2012-06-30
1162,USC00519397,81.0,2013-06-01
1163,USC00519397,74.0,2013-06-02
1164,USC00519397,74.0,2013-06-03
1165,USC00519397,73.0,2013-06-04
1166,USC00519397,73.0,2013-06-05
1167,USC00519397,72.0,2013-06-06
1168,USC00519397,73.0,2013-06-07
1169,USC00519397,77.0,2013-06-08
1170,USC00519397,73.0,2013-06-09
1171,USC00519397,73.0,2013-06-10
1172,USC00519397,75.0,2013-06-11
1173,USC00519397,72.0,2013-06-12
1174,USC00519397,72.0,2013-06-13
1175,USC00519397,73.0,2013-06-14
1176,USC00519397,73.0,2013-06-15
1177,USC00519397,75.0,2013-06-16
1178,USC00519397,72.0,2013-06-17
1179,USC00519397,73.0,2013-06-18
1180,USC00519397,70.0,2013-06-19
1181,USC00519397,69.0,2013-06-20
1182,USC00519397,68.0,2013-06-21
1183,USC00519397,75.0,2013-06-22
1184,USC00519397,74.0,2013-06-23
1185,USC00519397,73.0,2013-06-24
1186,USC00519397,70.0,2013-06-25
1187,USC00519397,70.0,2013-06-26
1188,USC00519397,71.0,2013-06-27
1189,USC00519397,70.0,2013-06-28
1190,USC00519397,70.0,2013-06-29
1191,USC00519397,75.0,2013-06-30
1192,USC00519397,74.0,2014-06-01
1193,USC00519397,72.0,2014-06-02
1194,USC00519397,74.0,2014-06-03
1195,USC00519397,73.0,2014-06-04
1196,USC00519397,73.0,2014-06-05
1197,USC00519397,70.0,2014-06-06
1198,USC00519397,73.0,2014-06-07
1199,USC00519397,75.0,2014-06-08
1200,USC00519397,73.0,2014-06-09
1201,USC00519397,69.0,2014-06-10
1202,USC00519397,80.0,2014-06-11
1203,USC00519397,73.0,2014-06-12
1204,USC00519397,72.0,2014-06-13
1205,USC00519397,80.0,2014-06-14
1206,USC00519397,80.0,2014-06-15
1207,USC00519397,69.0,2014-06-16
1208,USC00519397,70.0,2014-06-17
1209,USC00519397,69.0,2014-06-18
1210,USC00519397,72.0,2014-06-19
1211,USC00519397,68.0,2014-06-20
1212,USC00519397,74.0,2014-06-21
1213,USC00519397,75.0,2014-06-22
1214,USC00519397,70.0,2014-06-23
1215,USC00519397,70.0,2014-06-24
1216,USC00519397,72.0,2014-06-25
1217,USC00519397,71.0,2014-06-26
1218,USC00519397,70.0,2014-06-27
1219,USC00519397,77.0,2014-06-28
1220,USC00519397,73.0,2014-06-29
1221,USC00519397,71.0,2014-06-30
1222,USC00519397,76.0,2015-06-01
1223,USC00519397,68.0,2015-06-02
1224,USC00519397,71.0,2015-06-03
1225,USC00519397,70.0,2015-06-04
1226,USC00519397,68.0,2015-06-05
1227,USC00519397,79.0,2015-06-06
1228,USC00519397,75.0,2015-06-07
1229,USC00519397,71.0,2015-06-08
1230,USC00519397,69.0,2015-06-09
1231,USC00519397,71.0,2015-06-10
1232,USC00519397,72.0,2015-06-11
1233,USC00519397,69.0,2015-06-12
1234,USC00519397,72.0,2015-06-13
1235,USC00519397,75.0,2015-06-14
1236,USC00519397,71.0,2015-06-15
1237,USC00519397,72.0,2015-06-16
1238,USC00519397,70.0,2015-06-17
1239,USC00519397,71.0,2015-06-18
1240,USC00519397,72.0,2015-06-19
1241,USC00519397,75.0,2015-06-20
1242,USC00519397,75.0,2015-06-21
1243,USC00519397,71.0,2015-06-22
1244,USC00519397,73.0,2015-06-23
1245,USC00519397,71.0,2015-06-24
1246,USC00519397,71.0,2015-06-25
1247,USC00519397,74.0,2015-06-26
1248,USC00519397,74.0,2015-06-27
1249,USC00519397,78.0,2015-06-28
1250,USC00519397,72.0,2015-06-29
1251,USC00519397,69.0,2015-06-30
1252,USC00519397,69.0,2016-06-01
1253,USC00519397,67.0,2016-06-02
1254,USC00519397,68.0,2016-06-03
1255,USC00519397,65.0,2016-06-04
1256,USC00519397,70.0,2016-06-05
1257,USC00519397,72.0,2016-06-06
1258,USC00519397,74.0,2016-06-07
1259,USC00519397,73.0,2016-06-08
1260,USC00519397,71.0,2016-06-09
1261,USC00519397,75.0,2016-06-10
1262,USC00519397,72.0,2016-06-11
1263,USC00519397,75.0,2016-06-12
1264,USC00519397,76.0,2016-06-13
1265,USC00519397,75.0,2016-06-14
1266,USC00519397,76.0,2016-06-15
1267,USC00519397,75.0,2016-06-16
1268,USC00519397,71.0,2016-06-17
1269,USC00519397,75.0,2016-06-18
1270,USC00519397,75.0,2016-06-19
1271,USC00519397,72.0,2016-06-20
1272,USC00519397,72.0,2016-06-21
1273,USC00519397,75.0,2016-06-22
1274,USC00519397,73.0,2016-06-23
1275,USC00519397,76.0,2016-06-24
1276,USC00519397,74.0,2016-06-25
1277,USC00519397,77.0,2016-06-26
1278,USC00519397,72.0,2016-06-27
1279,USC00519397,71.0,2016-06-28
1280,USC00519397,76.0,2016-06-29
1281,USC00519397,77.0,2016-06-30
1282,USC00519397,80.0,2017-06-01
1283,USC00519397,76.0,2017-06-02
1284,USC00519397,76.0,2017-06-03
1285,USC00519397,77.0,2017-06-04
1286,USC00519397,75.0,2017-06-05
1287,USC00519397,75.0,2017-06-06
1288,USC00519397,75.0,2017-06-07
1289,USC00519397,75.0,2017-06-08
1290,USC00519397,72.0,2017-06-09
1291,USC00519397,74.0,2017-06-10
1292,USC00519397,74.0,2017-06-11
1293,USC00519397,74.0,2017-06-12
1294,USC00519397,76.0,2017-06-13
1295,USC00519397,74.0,2017-06-14
1296,USC00519397,75.0,2017-06-15
1297,USC00519397,73.0,2017-06-16
1298,USC00519397,79.0,2017-06-17
1299,USC00519397,75.0,2017-06-18
1300,USC00519397,72.0,2017-06-19
1301,USC00519397,72.0,2017-06-20
1302,USC00519397,74.0,2017-06-21
1303,USC00519397,72.0,2017-06-22
1304,USC00519397,72.0,2017-06-23
1305,USC00519397,77.0,2017-06-24
1306,USC00519397,71.0,2017-06-25
1307,USC00519397,73.0,2017-06-26
1308,USC00519397,76.0,2017-06-27
1309,USC00519397,77.0,2017-06-28
1310,USC00519397,76.0,2017-06-29
1311,USC00519397,76.0,2017-06-30
1312,USC00519397,74.0,2010-06-01
1313,USC00519397,76.0,2010-06-02
1314,USC00519397,78.0,2010-06-03
1315,USC00519397,74.0,2010-06-04
1316,USC00519397,79.0,2010-06-05
1317,USC00519397,79.0,2010-06-06
1318,USC00519397,69.0,2010-06-07
1319,USC00519397,77.0,2010-06-08
1320,USC00519397,80.0,2010-06-09
1321,USC00519397,75.0,2010-06-10
1322,USC00519397,75.0,2010-06-11
1323,USC00519397,78.0,2010-06-12
1324,USC00519397,71.0,2010-06-14
1325,USC00519397,76.0,2010-06-15
1326,USC00519397,74.0,2010-06-16
1327,USC00519397,78.0,2010-06-17
1328,USC00519397,72.0,2010-06-18
1329,USC00519397,78.0,2010-06-19
1330,USC00519397,85.0,2010-06-20
1331,USC00519397,77.0,2010-06-21
1332,USC00519397,76.0,2010-06-22
1333,USC00519397,76.0,2010-06-23
1334,USC00519397,75.0,2010-06-24
1335,USC00519397,71.0,2010-06-25
1336,USC00519397,70.0,2010-06-26
1337,USC00519397,80.0,2010-06-27
1338,USC00519397,77.0,2010-06-28
1339,USC00519397,70.0,2010-06-29
1340,USC00519397,73.0,2010-06-30
1341,USC00519397,73.0,2011-06-01
1342,USC00519397,76.0,2011-06-02
1343,USC00519397,70.0,2011-06-03
1344,USC00519397,71.0,2011-06-04
1345,USC00519397,80.0,2011-06-05
1346,USC00519397,70.0,2011-06-06
1347,USC00519397,68.0,2011-06-07
1348,USC00519397,74.0,2011-06-08
1349,USC00519397,75.0,2011-06-09
1350,USC00519397,75.0,2011-06-10
1351,USC00519397,78.0,2011-06-11
1352,USC00519397,76.0,2011-06-12
1353,USC00519397,69.0,2011-06-13
1354,USC00519397,73.0,2011-06-14
1355,USC00519397,76.0,2011-06-15
1356,USC00519397,72.0,2011-06-16
1357,USC00519397,72.0,2011-06-17
1358,USC00519397,80.0,2011-06-18
1359,USC00519397,76.0,2011-06-19
1360,USC00519397,71.0,2011-06-20
1361,USC00519397,68.0,2011-06-21
1362,USC00519397,71.0,2011-06-22
1363,USC00519397,72.0,2011-06-23
1364,USC00519397,75.0,2011-06-24
1365,USC00519397,80.0,2011-06-25
1366,USC00519397,75.0,2011-06-26
1367,USC00519397,74.0,2011-06-27
1368,USC00519397,74.0,2011-06-28
1369,USC00519397,69.0,2011-06-29
1370,USC00519397,70.0,2011-06-30
1371,USC00519397,73.0,2012-06-01
1372,USC00519397,76.0,2012-06-02
1373,USC00519397,76.0,2012-06-03
1374,USC00519397,74.0,2012-06-04
1375,USC00519397,71.0,2012-06-05
1376,USC00519397,72.0,2012-06-06
1377,USC00519397,73.0,2012-06-07
1378,USC00519397,77.0,2012-06-08
1379,USC00519397,77.0,2012-06-09
1380,USC00519397,77.0,2012-06-10
1381,USC00519397,79.0,2012-06-11
1382,USC00519397,77.0,2012-06-12
1383,USC00519397,77.0,2012-06-13
1384,USC00519397,78.0,2012-06-14
1385,USC00519397,78.0,2012-06-16
1386,USC00519397,81.0,2012-06-17
1387,USC00519397,76.0,2012-06-18
1388,USC00519397,74.0,2012-06-19
1389,USC00519397,71.0,2012-06-20
1390,USC00519397,78.0,2012-06-21
1391,USC00519397,71.0,2012-06-22
1392,USC00519397,76.0,2012-06-23
1393,USC00519397,81.0,2012-06-24
1394,USC00519397,73.0,2012-06-25
1395,USC00519397,72.0,2012-06-26
1396,USC00519397,72.0,2012-06-27
1397,USC00519397,74.0,2012-06-28
1398,USC00519397,72.0,2012-06-29
1399,USC00519397,79.0,2012-06-30
1400,USC00519397,80.0,2013-06-01
1401,USC00519397,81.0,2013-06-02
1402,USC00519397,75.0,2013-06-03
1403,USC00519397,80.0,2013-06-04
1404,USC00519397,73.0,2013-06-05
1405,USC00519397,74.0,2013-06-06
1406,USC00519397,73.0,2013-06-07
1407,USC00519397,81.0,2013-06-08
1408,USC00519397,79.0,2013-06-09
1409,USC00519397,78.0,2013-06-10
1410,USC00519397,74.0,2013-06-11
1411,USC00519397,74.0,2013-06-12
1412,USC00519397,73.0,2013-06-13
1413,USC00519397,73.0,2013-06-14
1414,USC00519397,77.0,2013-06-15
1415,USC00519397,77.0,2013-06-16
1416,USC00519397,74.0,2013-06-17
1417,USC00519397,73.0,2013-06-18
1418,USC00519397,70.0,2013-06-19
1419,USC00519397,69.0,2013-06-20
1420,USC00519397,72.0,2013-06-21
1421,USC00519397,79.0,2013-06-22
1422,USC00519397,77.0,2013-06-23
1423,USC00519397,70.0,2013-06-24
1424,USC00519397,71.0,2013-06-25
1425,USC00519397,67.0,2013-06-26
1426,USC00519397,66.0,2013-06-27
1427,USC00519397,78.0,2013-06-28
1428,USC00519397,80.0,2013-06-29
1429,USC00519397,80.0,2013-06-30
1430,USC00519397,79.0,2014-06-01
1431,USC00519397,68.0,2014-06-02
1432,USC00519397,67.0,2014-06-03
1433,USC00519397,71.0,2014-06-04
1434,USC00519397,72.0,2014-06-06
1435,USC00519397,79.0,2014-06-07
1436,USC00519397,80.0,2014-06-08
1437,USC00519397,72.0,2014-06-09
1438,USC00519397,68.0,2014-06-10
1439,USC00519397,84.0,2014-06-11
1440,USC00519397,82.0,2014-06-12
1441,USC00519397,79.0,2014-06-13
1442,USC00519397,78.0,2014-06-14
1443,USC00519397,81.0,2014-06-15
1444,USC00519397,77.0,2014-06-16
1445,USC00519397,71.0,2014-06-17
1446,USC00519397,69.0,2014-06-18
1447,USC00519397,73.0,2014-06-19
1448,USC00519397,68.0,2014-06-20
1449,USC00519397,75.0,2014-06-21
1450,USC00519397,79.0,2014-06-22
1451,USC00519397,70.0,2014-06-23
1452,USC00519397,70.0,2014-06-24
1453,USC00519397,73.0,2014-06-25
1454,USC00519397,71.0,2014-06-26
1455,USC00519397,68.0,2014-06-27
1456,USC00519397,78.0,2014-06-29
1457,USC00519397,69.0,2014-06-30
1458,USC00519397,70.0,2015-06-01
1459,USC00519397,67.0,2015-06-02
1460,USC00519397,68.0,2015-06-03
1461,USC00519397,68.0,2015-06-04
1462,USC00519397,71.0,2015-06-05
1463,USC00519397,74.0,2015-06-08
1464,USC00519397,69.0,2015-06-09
1465,USC00519397,69.0,2015-06-11
1466,USC00519397,66.0,2015-06-12
1467,USC00519397,67.0,2015-06-15
1468,USC00519397,69.0,2015-06-16
1469,USC00519397,72.0,2015-06-17
1470,USC00519397,72.0,2015-06-18
1471,USC00519397,72.0,2015-06-19
1472,USC00519397,70.0,2015-06-22
1473,USC00519397,75.0,2015-06-23
1474,USC00519397,73.0,2015-06-24
1475,USC00519397,70.0,2015-06-25
1476,USC00519397,71.0,2015-06-26
1477,USC00519397,70.0,2010-06-01
1478,USC00519397,78.0,2010-06-02
1479,USC00519397,73.0,2010-06-03
1480,USC00519397,68.0,2010-06-04
1481,USC00519397,79.0,2010-06-05
1482,USC00519397,74.0,2010-06-06
1483,USC00519397,75.0,2010-06-07
1484,USC00519397,71.0,2010-06-08
1485,USC00519397,75.0,2010-06-09
1486,USC00519397,76.0,2010-06-14
1487,USC00519397,73.0,2010-06-16
1488,USC00519397,73.0,2010-06-17
1489,USC00519397,74.0,2010-06-19
1490,USC00519397,72.0,2010-06-22
1491,USC00519397,72.0,2010-06-23
1492,USC00519397,72.0,2010-06-24
1493,USC00519397,70.0,2010-06-25
1494,USC00519397,69.0,2010-06-26
1495,USC00519397,73.0,2010-06-27
1496,USC00519397,71.0,2010-06-28
1497,USC00519397,73.0,2010-06-29
1498,USC00519397,72.0,2010-06-30
1499,USC00519397,69.0,2011-06-01
1500,USC00519397,72.0,2011-06-02
1501,USC00519397,66.0,2011-06-03
1502,USC00519397,67.0,2011-06-04
1503,USC00519397,71.0,2011-06-05
1504,USC00519397,71.0,2011-06-06
1505,USC00519397,72.0,2011-06-07
1506,USC00519397,72.0,2011-06-08
1507,USC00519397,71.0,2011-06-09
1508,USC00519397,71.0,2011-06-10
1509,USC00519397,71.0,2011-06-11
1510,USC00519397,69.0,2011-06-12
1511,USC00519397,68.0,2011-06-13
1512,USC00519397,71.0,2011-06-14
1513,USC00519397,73.0,2011-06-15
1514,USC00519397,72.0,2011-06-16
1515,USC00519397,74.0,2011-06-17
1516,USC00519397,70.0,2011-06-18
1517,USC00519397,72.0,2011-06-19
1518,USC00519397,71.0,2011-06-20
1519,USC00519397,71.0,2011-06-21
1520,USC00519397,70.0,2011-06-22
1521,USC00519397,70.0,2011-06-23
1522,USC00519397,69.0,2011-06-24
1523,USC00519397,74.0,2011-06-25
1524,USC00519397,69.0,2011-06-26
1525,USC00519397,72.0,2011-06-27
1526,USC00519397,70.0,2011-06-28
1527,USC00519397,72.0,2011-06-29
1528,USC00519397,72.0,2011-06-30
1529,USC00519397,69.0,2012-06-01
1530,USC00519397,73.0,2012-06-02
1531,USC00519397,71.0,2012-06-03
1532,USC00519397,72.0,2012-06-04
1533,USC00519397,71.0,2012-06-05
1534,USC00519397,72.0,2012-06-06
1535,USC00519397,71.0,2012-06-07
1536,USC00519397,74.0,2012-06-08
1537,USC00519397,74.0,2012-06-09
1538,USC00519397,75.0,2012-06-10
1539,USC00519397,69.0,2012-06-11
1540,USC00519397,75.0,2012-06-12
1541,USC00519397,70.0,2012-06-13
1542,USC00519397,73.0,2012-06-14
1543,USC00519397,72.0,2012-06-15
1544,USC00519397,70.0,2012-06-16
1545,USC00519397,73.0,2012-06-17
1546,USC00519397,71.0,2012-06-18
1547,USC00519397,70.0,2012-06-19
1548,USC00519397,69.0,2012-06-20
1549,USC00519397,71.0,2012-06-21
1550,USC00519397,68.0,2012-06-23
1551,USC00519397,68.0,2012-06-24
1552,USC00519397,68.0,2012-06-25
1553,USC00519397,69.0,2012-06-26
1554,USC00519397,69.0,2012-06-27
1555,USC00519397,69.0,2012-06-28
1556,USC00519397,71.0,2012-06-29
1557,USC00519397,78.0,2013-06-01
1558,USC00519397,72.0,2013-06-02
1559,USC00519397,73.0,2013-06-03
1560,USC00519397,71.0,2013-06-04
1561,USC00519397,72.0,2013-06-05
1562,USC00519397,72.0,2013-06-06
1563,USC00519397,71.0,2013-06-07
1564,USC00519397,74.0,2013-06-08
1565,USC00519397,71.0,2013-06-09
1566,USC00519397,72.0,2013-06-10
1567,USC00519397,72.0,2013-06-11
1568,USC00519397,74.0,2013-06-12
1569,USC00519397,72.0,2013-06-13
1570,USC00519397,69.0,2013-06-14
1571,USC00519397,70.0,2013-06-15
1572,USC00519397,76.0,2013-06-16
1573,USC00519397,70.0,2013-06-17
1574,USC00519397,71.0,2013-06-18
1575,USC00519397,73.0,2013-06-19
1576,USC00519397,68.0,2013-06-20
1577,USC00519397,68.0,2013-06-21
1578,USC00519397,69.0,2013-06-22
1579,USC00519397,70.0,2013-06-23
1580,USC00519397,69.0,2013-06-24
1581,USC00519397,69.0,2013-06-25
1582,USC00519397,70.0,2013-06-26
1583,USC00519397,71.0,2013-06-27
1584,USC00519397,70.0,2013-06-28
1585,USC00519397,67.0,2013-06-29
1586,USC00519397,72.0,2013-06-30
1587,USC00519397,72.0,2014-06-01
1588,USC00519397,75.0,2014-06-02
1589,USC00519397,73.0,2014-06-03
1590,USC00519397,73.0,2014-06-04
1591,USC00519397,72.0,2014-06-05
1592,USC00519397,71.0,2014-06-06
1593,USC00519397,77.0,2014-06-07
1594,USC00519397,73.0,2014-06-08
1595,USC00519397,70.0,2014-06-09
1596,USC00519397,70.0,2014-06-10
1597,USC00519397,76.0,2014-06-11
1598,USC00519397,72.0,2014-06-12
1599,USC00519397,73.0,2014-06-13
1600,USC00519397,77.0,2014-06-14
1601,USC00519397,73.0,2014-06-15
1602,USC00519397,70.0,2014-06-16
1603,USC00519397,68.0,2014-06-17
1604,USC00519397,69.0,2014-06-18
1605,USC00519397,70.0,2014-06-19
1606,USC00519397,70.0,2014-06-20
1607,USC00519397,73.0,2014-06-21
1608,USC00519397,70.0,2014-06-22
1609,USC00519397,69.0,2014-06-23
1610,USC00519397,71.0,2014-06-24
1611,USC00519397,70.0,2014-06-25
1612,USC00519397,70.0,2014-06-26
1613,USC00519397,72.0,2014-06-27
1614,USC00519397,71.0,2014-06-28
1615,USC00519397,70.0,2014-06-29
1616,USC00519397,69.0,2015-06-01
1617,USC00519397,72.0,2015-06-02
1618,USC00519397,72.0,2015-06-03
1619,USC00519397,71.0,2015-06-04
1620,USC00519397,76.0,2015-06-05
1621,USC00519397,71.0,2015-06-06
1622,USC00519397,72.0,2015-06-07
1623,USC00519397,70.0,2015-06-08
1624,USC00519397,72.0,2015-06-09
1625,USC00519397,72.0,2015-06-10
1626,USC00519397,71.0,2015-06-12
1627,USC00519397,72.0,2015-06-13
1628,USC00519397,69.0,2015-06-14
1629,USC00519397,70.0,2015-06-15
1630,USC00519397,73.0,2015-06-16
1631,USC00519397,70.0,2015-06-17
1632,USC00519397,72.0,2015-06-18
1633,USC00519397,72.0,2015-06-19
1634,USC00519397,71.0,2015-06-20
1635,USC00519397,73.0,2015-06-21
1636,USC00519397,72.0,2015-06-22
1637,USC00519397,73.0,2015-06-23
1638,USC00519397,72.0,2015-06-24
1639,USC00519397,71.0,2015-06-25
1640,USC00519397,70.0,2015-06-26
1641,USC00519397,75.0,2015-06-27
1642,USC00519397,72.0,2015-06-28
1643,USC00519397,70.0,2015-06-29
1644,USC00519397,72.0,2015-06-30
1645,USC00519397,70.0,2016-06-01
1646,USC00519397,71.0,2016-06-02
1647,USC00519397,70.0,2016-06-03
1648,USC00519397,73.0,2016-06-05
1649,USC00519397,72.0,2016-06-06
1650,USC00519397,71.0,2016-06-07
1651,USC00519397,71.0,2016-06-08
1652,USC00519397,69.0,2016-06-09
1653,USC00519397,70.0,2016-06-10
1654,USC00519397,73.0,2016-06-11
1655,USC00519397,75.0,2016-06-12
1656,USC00519397,73.0,2016-06-13
1657,USC00519397,72.0,2016-06-14
1658,USC00519397,70.0,2016-06-15
1659,USC00519397,70.0,2016-06-16
1660,USC00519397,69.0,2016-06-17
1661,USC00519397,73.0,2016-06-18
1662,USC00519397,74.0,2016-06-19
1663,USC00519397,72.0,2016-06-20
1664,USC00519397,71.0,2016-06-21
1665,USC00519397,73.0,2016-06-22
1666,USC00519397,72.0,2016-06-23
1667,USC00519397,73.0,2016-06-25
1668,USC00519397,74.0,2016-06-26
1669,USC00519397,72.0,2016-06-27
1670,USC00519397,74.0,2016-06-28
1671,USC00519397,72.0,2016-06-29
1672,USC00519397,74.0,2017-06-01
1673,USC00519397,74.0,2017-06-03
1674,USC00519397,77.0,2017-06-04
1675,USC00519397,74.0,2017-06-05
1676,USC00519397,74.0,2017-06-06
1677,USC00519397,79.0,2017-06-07
1678,USC00519397,75.0,2017-06-08
1679,USC00519397,72.0,2017-06-10
1680,USC00519397,76.0,2017-06-11
1681,USC00519397,74.0,2017-06-12
1682,USC00519397,73.0,2017-06-13
1683,USC00519397,74.0,2017-06-14
1684,USC00519397,77.0,2017-06-15
1685,USC00519397,74.0,2017-06-16
1686,USC00519397,72.0,2017-06-17
1687,USC00519397,77.0,2017-06-18
1688,USC00519397,76.0,2017-06-19
1689,USC00519397,74.0,2017-06-20
1690,USC00519397,75.0,2017-06-21
1691,USC00519397,76.0,2017-06-22
1692,USC00519397,71.0,2017-06-23
1693,USC00519397,73.0,2017-06-24
1694,USC00519397,79.0,2017-06-25
1695,USC00519397,79.0,2017-06-26
1696,USC00519397,74.0,2017-06-27
1697,USC00519397,74.0,2017-06-28
1698,USC00519397,76.0,2017-06-29
1699,USC00519397,75.0,2017-06-30
